Transaction_ID,Customer_ID,Purchase_Date,Product_Category,Order_Value,Country
TXN-10000,CUST-263,2026-07-20,Home Decor,574.3193758940965,USA
TXN-10001,CUST-128,2025-10-31,Home Decor,,France
TXN-10002,CUST-106,2025-11-22,Footwear,1103.3510338808796,Japan
TXN-10003,CUST-289,2026-02-15,Footwear,906.0145566116141,France
TXN-10004,CUST-170,2025-07-23,Home Decor,250.90758785480605,Japan
TXN-10005,CUST-162,2026-05-13,Apparel,,UK
TXN-10006,CUST-157,2025-05-31,Electronics,-105.9637460089352,Canada
TXN-10007,CUST-135,2024-06-16,Home Decor,,Japan
TXN-10008,CUST-288,2026-08-21,Home Decor,909.650217379949,USA
TXN-10009,CUST-126,2024-02-09,Apparel,1067.9474151381473,Australia
TXN-10010,CUST-273,2024-04-16,Home Decor,50.46505155778762,Canada
TXN-10011,CUST-289,2025-12-17,Home Decor,,Canada
TXN-10012,CUST-328,2025-04-04,Apparel,1252.0151083846242,Japan
TXN-10013,CUST-239,2024-05-20,Home Decor,334.2618838038487,Japan
TXN-10014,CUST-122,2024-03-23,Footwear,289.1009514665089,USA
TXN-10015,CUST-251,2024-03-04,Footwear,291.43867458308205,Australia
TXN-10016,CUST-208,2025-05-21,Footwear,,Japan
TXN-10017,CUST-108,2025-02-12,Footwear,796.639518815712,USA
TXN-10018,CUST-107,2024-02-11,Home Decor,659.2786275903313,Japan
TXN-10019,CUST-123,2024-11-08,Electronics,451.019127493102,Japan
TXN-10020,CUST-155,2025-05-03,Footwear,925.5422841891216,UK
TXN-10021,CUST-159,2024-09-15,Footwear,226.4509137650219,UK
TXN-10022,CUST-229,2026-08-27,Home Decor,452.37407983212285,Japan
TXN-10023,CUST-254,2024-08-22,Home Decor,562.2155280746637,France
TXN-10024,CUST-106,2025-03-22,Apparel,694.9835766412132,Germany
TXN-10025,CUST-243,2026-08-10,Footwear,1182.06042286166,France
TXN-10026,CUST-150,2025-06-08,Apparel,-315.5171975943724,Canada
TXN-10027,CUST-283,2026-01-25,Footwear,781.0669688521451,Japan
TXN-10028,CUST-266,2024-12-09,Electronics,896.7735619158228,France
TXN-10029,CUST-279,2024-08-22,Home Decor,88.74661082559663,Germany
TXN-10030,CUST-239,2024-12-01,Home Decor,919.1663808141287,France
TXN-10031,CUST-207,2025-09-29,Apparel,272.37570305719146,Australia
TXN-10032,CUST-156,2024-08-09,Apparel,116.27635761821368,UK
TXN-10033,CUST-214,2024-02-22,Home Decor,,Germany
TXN-10034,CUST-250,2025-09-30,Home Decor,1449.135408950348,UK
TXN-10035,CUST-171,2026-02-07,Home Decor,1216.4280752123625,Japan
TXN-10036,CUST-307,2026-03-23,Footwear,470.8283783765886,UK
TXN-10037,CUST-322,2025-02-10,Footwear,164.55472872944813,Japan
TXN-10038,CUST-101,2024-06-04,Electronics,1032.6648792379922,UK
TXN-10039,CUST-294,2025-05-12,Footwear,,Japan
TXN-10040,CUST-306,2024-07-27,Home Decor,200.61658757027266,USA
TXN-10041,CUST-140,2025-09-09,Footwear,752.8618269646798,Germany
TXN-10042,CUST-278,2024-09-04,Apparel,70.89501125052323,Canada
TXN-10043,CUST-208,2024-03-25,Home Decor,1365.7941950765974,Germany
TXN-10044,CUST-187,2025-12-12,Footwear,402.994372768025,Canada
TXN-10045,CUST-171,2026-12-27,Home Decor,1000.5329808438934,Germany
TXN-10046,CUST-139,2026-05-27,Apparel,481.3323926123282,Germany
TXN-10047,CUST-155,2026-01-28,Apparel,789.70067134316,UK
TXN-10048,CUST-345,2024-05-21,Footwear,829.1312134280539,Canada
TXN-10049,CUST-295,2026-11-02,Home Decor,293.58459417778,France
TXN-10050,CUST-186,2025-11-29,Electronics,-1454.9852490915466,Canada
TXN-10051,CUST-126,2024-01-26,Apparel,1167.1965785744496,Canada
TXN-10052,CUST-123,2026-05-10,Electronics,1410.4584335149998,Germany
TXN-10053,CUST-197,2026-09-30,Footwear,1344.3444786329203,Canada
TXN-10054,CUST-124,2024-08-04,Apparel,904.891968640406,Japan
TXN-10055,CUST-191,2026-06-06,Electronics,,Germany
TXN-10056,CUST-316,2026-01-11,Apparel,150.96890303684086,France
TXN-10057,CUST-188,2026-07-30,Electronics,310.0546363803349,Japan
TXN-10058,CUST-254,2024-11-09,Home Decor,86.93638758759634,USA
TXN-10059,CUST-167,2026-06-10,Home Decor,501.48888952963125,UK
TXN-10060,CUST-306,2024-12-26,Footwear,595.2423887404334,Japan
TXN-10061,CUST-111,2026-12-04,Apparel,421.59656702536597,Japan
TXN-10062,CUST-286,2025-07-07,Electronics,-1246.5315135448554,Australia
TXN-10063,CUST-217,2026-09-17,Footwear,,USA
TXN-10064,CUST-237,2026-08-10,Home Decor,435.7830743373235,Canada
TXN-10065,CUST-131,2026-06-11,Home Decor,823.1902030742077,Japan
TXN-10066,CUST-349,2025-07-03,Footwear,228.56785296264871,France
TXN-10067,CUST-336,2025-10-22,Apparel,,UK
TXN-10068,CUST-196,2025-05-17,Electronics,130.3349526460608,France
TXN-10069,CUST-120,2024-06-26,Home Decor,1480.5926661687656,Japan
TXN-10070,CUST-241,2025-07-25,Footwear,1162.922258559053,UK
TXN-10071,CUST-175,2026-07-12,Home Decor,314.09920867057514,UK
TXN-10072,CUST-312,2025-05-14,Home Decor,,UK
TXN-10073,CUST-260,2026-08-09,Electronics,1226.8829141131546,France
TXN-10074,CUST-258,2026-02-15,Apparel,1066.1488688944733,Canada
TXN-10075,CUST-326,2025-11-19,Apparel,1098.9306087006612,Japan
TXN-10076,CUST-320,2024-02-28,Electronics,1161.4801130951996,UK
TXN-10077,CUST-192,2026-10-09,Footwear,129.58608456645374,Japan
TXN-10078,CUST-247,2025-10-27,Footwear,-550.5292782455234,Japan
TXN-10079,CUST-149,2025-01-07,Apparel,191.486208097192,France
TXN-10080,CUST-280,2026-09-25,Home Decor,1297.3930702958785,Australia
TXN-10081,CUST-117,2025-03-10,Home Decor,942.4812277047857,Australia
TXN-10082,CUST-111,2025-12-27,Footwear,,UK
TXN-10083,CUST-269,2025-06-13,Electronics,,Germany
TXN-10084,CUST-158,2025-11-28,Home Decor,480.25383613918007,France
TXN-10085,CUST-297,2025-07-26,Footwear,501.27131659958565,Canada
TXN-10086,CUST-174,2025-07-19,Electronics,1099.8171439403347,France
TXN-10087,CUST-120,2024-01-21,Apparel,,Australia
TXN-10088,CUST-318,2026-11-24,Electronics,,Australia
TXN-10089,CUST-159,2025-01-26,Apparel,718.878089239685,Australia
TXN-10090,CUST-321,2024-06-24,Footwear,196.9994839886865,USA
TXN-10091,CUST-125,2025-05-09,Electronics,1075.6022850900326,France
TXN-10092,CUST-197,2026-04-12,Footwear,1145.9618719530083,Japan
TXN-10093,CUST-171,2026-09-27,Apparel,850.6902524028544,Japan
TXN-10094,CUST-216,2025-05-07,Home Decor,1161.0314263327502,USA
TXN-10095,CUST-262,2026-09-02,Home Decor,750.8174826192983,Australia
TXN-10096,CUST-313,2026-10-02,Apparel,793.6445874853512,Germany
TXN-10097,CUST-193,2026-07-06,Home Decor,652.7607071706534,France
TXN-10098,CUST-141,2024-02-05,Home Decor,57.62030758126088,Canada
TXN-10099,CUST-194,2024-07-09,Electronics,179.67931195009058,France
TXN-10100,CUST-190,2025-08-25,Electronics,66.51519481636669,Canada
TXN-10101,CUST-153,2025-03-29,Home Decor,961.887408670395,Australia
TXN-10102,CUST-271,2026-04-08,Electronics,485.24685199296346,Australia
TXN-10103,CUST-168,2025-05-13,Apparel,772.6846229237601,Canada
TXN-10104,CUST-279,2025-09-19,Electronics,1363.1983814106177,Germany
TXN-10105,CUST-339,2026-01-25,Electronics,388.9524991403349,USA
TXN-10106,CUST-274,2026-08-27,Electronics,-627.366726092732,Japan
TXN-10107,CUST-265,2026-12-23,Footwear,1138.215685043712,Japan
TXN-10108,CUST-118,2025-12-05,Apparel,358.62128492760127,Japan
TXN-10109,CUST-255,2026-05-21,Home Decor,133.9302665466136,France
TXN-10110,CUST-262,2025-11-08,Home Decor,448.83215031237665,USA
TXN-10111,CUST-143,2025-12-21,Footwear,258.60750513592654,France
TXN-10112,CUST-236,2026-07-18,Electronics,1395.9525254670082,Australia
TXN-10113,CUST-286,2025-07-08,Apparel,1216.0181617553371,France
TXN-10114,CUST-162,2025-09-19,Apparel,957.4375596354267,France
TXN-10115,CUST-141,2025-05-29,Home Decor,1309.7616734778221,France
TXN-10116,CUST-218,2025-04-17,Footwear,1209.4346738106894,Canada
TXN-10117,CUST-197,2024-09-04,Footwear,296.12368715133306,Japan
TXN-10118,CUST-169,2025-01-29,Footwear,1340.987317765167,USA
TXN-10119,CUST-336,2025-10-08,Footwear,818.226518035163,Japan
TXN-10120,CUST-263,2024-09-01,Apparel,1215.0114296428126,Germany
TXN-10121,CUST-276,2025-01-14,Electronics,1346.21512388677,Australia
TXN-10122,CUST-242,2025-01-27,Home Decor,490.6451429583585,UK
TXN-10123,CUST-156,2025-03-19,Apparel,182.8768483009616,Australia
TXN-10124,CUST-275,2026-09-18,Footwear,,Japan
TXN-10125,CUST-183,2025-07-20,Footwear,652.1195271668594,UK
TXN-10126,CUST-315,2026-12-10,Home Decor,1230.66185356529,Australia
TXN-10127,CUST-296,2025-08-02,Electronics,1293.8812632193883,Canada
TXN-10128,CUST-298,2024-07-24,Electronics,30.289153186162242,Canada
TXN-10129,CUST-114,2025-02-01,Electronics,775.9060078147972,Japan
TXN-10130,CUST-158,2025-08-29,Footwear,637.7682846601929,Canada
TXN-10131,CUST-310,2025-04-10,Apparel,,Canada
TXN-10132,CUST-108,2026-01-09,Apparel,197.40074365385055,Germany
TXN-10133,CUST-306,2025-01-02,Electronics,,Germany
TXN-10134,CUST-180,2025-09-11,Home Decor,1415.5063617905284,UK
TXN-10135,CUST-202,2024-01-29,Electronics,498.34033939071776,Germany
TXN-10136,CUST-168,2026-12-29,Electronics,787.8101201801818,Japan
TXN-10137,CUST-116,2024-09-16,Home Decor,1060.4680591648632,Australia
TXN-10138,CUST-154,2025-07-15,Electronics,558.171811521355,Japan
TXN-10139,CUST-333,2024-04-03,Home Decor,1458.2374824270219,Canada
TXN-10140,CUST-341,2024-04-21,Home Decor,1444.4219965143245,France
TXN-10141,CUST-245,2025-08-21,Apparel,392.6377978215389,Japan
TXN-10142,CUST-324,2024-09-15,Home Decor,,USA
TXN-10143,CUST-283,2026-10-02,Electronics,-465.2998985288191,USA
TXN-10144,CUST-180,2024-07-29,Home Decor,,USA
TXN-10145,CUST-154,2024-01-26,Electronics,74.59268208470854,France
TXN-10146,CUST-267,2025-08-05,Home Decor,922.1552142902474,Japan
TXN-10147,CUST-227,2026-08-19,Apparel,763.964954378715,Japan
TXN-10148,CUST-201,2026-09-07,Electronics,96.18855184998424,Australia
TXN-10149,CUST-326,2026-06-21,Electronics,432.3967670701849,USA
TXN-10150,CUST-334,2025-11-28,Electronics,1364.2335112306475,USA
TXN-10151,CUST-264,2025-01-12,Home Decor,374.55159818711917,Japan
TXN-10152,CUST-217,2024-04-15,Apparel,234.44441069501016,UK
TXN-10153,CUST-136,2025-06-01,Apparel,744.3900852107932,Australia
TXN-10154,CUST-167,2026-09-05,Apparel,1478.762672083689,Australia
TXN-10155,CUST-135,2024-08-21,Apparel,378.2418018370206,USA
TXN-10156,CUST-163,2024-05-13,Home Decor,1014.7606101607003,Australia
TXN-10157,CUST-290,2026-03-31,Electronics,1147.197030686502,UK
TXN-10158,CUST-243,2026-10-04,Footwear,371.7035651087515,France
TXN-10159,CUST-237,2024-05-31,Apparel,1097.7601959455521,UK
TXN-10160,CUST-167,2024-04-19,Footwear,564.3190364244948,France
TXN-10161,CUST-291,2024-11-06,Home Decor,955.8126292784976,Canada
TXN-10162,CUST-249,2024-11-01,Home Decor,,UK
TXN-10163,CUST-209,2025-09-14,Footwear,-812.9465324306425,Japan
TXN-10164,CUST-329,2024-06-23,Electronics,-153.6288596805243,Canada
TXN-10165,CUST-249,2025-05-23,Footwear,1256.2476934720721,USA
TXN-10166,CUST-202,2024-08-30,Home Decor,494.75449615816905,France
TXN-10167,CUST-192,2026-05-02,Footwear,296.0473953917843,Canada
TXN-10168,CUST-156,2025-04-07,Apparel,80.3472095010506,Canada
TXN-10169,CUST-135,2026-12-06,Apparel,894.5215559185979,USA
TXN-10170,CUST-230,2026-02-18,Electronics,1022.795255526578,Canada
TXN-10171,CUST-226,2026-07-11,Footwear,44.54998681322711,France
TXN-10172,CUST-123,2026-06-25,Footwear,777.8977262829359,France
TXN-10173,CUST-293,2025-08-31,Footwear,355.2137472929482,UK
TXN-10174,CUST-112,2026-05-28,Footwear,974.8557298059858,USA
TXN-10175,CUST-320,2025-09-17,Electronics,278.0623149273873,Australia
TXN-10176,CUST-128,2024-05-03,Home Decor,1042.5878523916494,France
TXN-10177,CUST-139,2024-07-22,Electronics,,Canada
TXN-10178,CUST-260,2025-03-01,Home Decor,1406.360383330367,France
TXN-10179,CUST-140,2025-03-08,Home Decor,223.53099733607002,France
TXN-10180,CUST-302,2025-06-25,Home Decor,524.7781995543826,Japan
TXN-10181,CUST-274,2024-06-15,Footwear,187.9408114360718,UK
TXN-10182,CUST-208,2024-11-17,Electronics,1388.5465550522729,Australia
TXN-10183,CUST-252,2025-05-06,Home Decor,1318.4622430038519,France
TXN-10184,CUST-116,2024-12-21,Apparel,401.7536090184303,USA
TXN-10185,CUST-198,2024-06-02,Home Decor,996.776388130585,France
TXN-10186,CUST-197,2024-11-16,Electronics,1229.4888562977994,USA
TXN-10187,CUST-252,2024-01-06,Footwear,841.6972011672043,USA
TXN-10188,CUST-219,2026-04-16,Apparel,803.8828559668896,UK
TXN-10189,CUST-235,2026-07-11,Home Decor,377.9413905326685,Australia
TXN-10190,CUST-164,2026-08-20,Footwear,157.79209635273082,USA
TXN-10191,CUST-348,2025-08-19,Electronics,1347.8793217709235,UK
TXN-10192,CUST-241,2024-03-07,Electronics,1352.6187246017291,Germany
TXN-10193,CUST-320,2025-04-19,Apparel,956.9901567644365,UK
TXN-10194,CUST-341,2025-08-13,Apparel,-521.764090752077,Germany
TXN-10195,CUST-102,2025-08-02,Home Decor,536.8301704267382,France
TXN-10196,CUST-274,2026-07-18,Footwear,1094.4144047279542,Australia
TXN-10197,CUST-284,2024-05-25,Footwear,1347.7231847298142,USA
TXN-10198,CUST-129,2025-04-23,Electronics,1332.8879079123735,USA
TXN-10199,CUST-274,2025-06-25,Electronics,1174.2158078692833,France
TXN-10200,CUST-326,2025-02-09,Home Decor,970.2068363083459,Canada
TXN-10201,CUST-237,2026-05-20,Home Decor,144.52714819267226,Japan
TXN-10202,CUST-292,2024-08-23,Electronics,259.21049686002834,USA
TXN-10203,CUST-168,2025-04-05,Electronics,1349.8601990200773,Japan
TXN-10204,CUST-296,2024-11-01,Footwear,917.5150082961931,Australia
TXN-10205,CUST-264,2025-06-28,Footwear,33.61163639261188,France
TXN-10206,CUST-187,2024-10-18,Footwear,170.17788344172752,UK
TXN-10207,CUST-128,2024-05-26,Home Decor,1001.9826182799226,Australia
TXN-10208,CUST-175,2024-05-02,Footwear,27.49114409240366,USA
TXN-10209,CUST-211,2024-12-05,Apparel,257.995916097898,UK
TXN-10210,CUST-140,2025-09-21,Apparel,832.1260082625474,Australia
TXN-10211,CUST-216,2025-08-14,Footwear,1044.004892585186,USA
TXN-10212,CUST-100,2026-06-18,Footwear,984.9026640638488,France
TXN-10213,CUST-344,2024-09-11,Electronics,,Japan
TXN-10214,CUST-284,2026-08-17,Electronics,1074.025247594353,USA
TXN-10215,CUST-324,2025-09-14,Home Decor,371.1286494952641,USA
TXN-10216,CUST-284,2026-04-04,Apparel,501.59155327571625,Canada
TXN-10217,CUST-167,2025-07-11,Apparel,1124.8072795746757,Canada
TXN-10218,CUST-348,2026-10-21,Home Decor,,Canada
TXN-10219,CUST-228,2026-10-08,Footwear,-1276.8506475313834,UK
TXN-10220,CUST-295,2026-06-15,Footwear,993.2670806045082,Australia
TXN-10221,CUST-145,2024-06-13,Home Decor,861.096732936498,Japan
TXN-10222,CUST-229,2024-03-22,Apparel,158.63865638557687,Japan
TXN-10223,CUST-333,2026-06-03,Apparel,564.2193885279617,Japan
TXN-10224,CUST-127,2025-10-22,Footwear,412.49950416895365,Japan
TXN-10225,CUST-322,2025-05-27,Electronics,381.1046722010437,UK
TXN-10226,CUST-260,2024-02-22,Home Decor,1460.0556210336194,France
TXN-10227,CUST-176,2024-07-06,Home Decor,601.7846325068055,France
TXN-10228,CUST-315,2025-04-13,Footwear,1340.2289016621276,UK
TXN-10229,CUST-263,2024-02-12,Home Decor,954.0851664759491,USA
TXN-10230,CUST-229,2025-07-05,Apparel,1196.3207292416396,Germany
TXN-10231,CUST-255,2024-03-23,Footwear,763.9028977956843,Germany
TXN-10232,CUST-150,2024-12-24,Apparel,873.8177492470115,USA
TXN-10233,CUST-139,2026-08-21,Electronics,748.9261868519186,Germany
TXN-10234,CUST-195,2026-11-28,Home Decor,308.95962194110587,France
TXN-10235,CUST-295,2026-06-24,Home Decor,1089.2291305870278,UK
TXN-10236,CUST-141,2025-07-23,Apparel,435.5430964124666,Australia
TXN-10237,CUST-238,2025-01-06,Footwear,55.98763031855168,Canada
TXN-10238,CUST-344,2026-06-11,Footwear,975.2989979426084,France
TXN-10239,CUST-299,2026-10-04,Home Decor,282.12380552243246,UK
TXN-10240,CUST-336,2024-07-05,Apparel,1411.8787048423133,France
TXN-10241,CUST-235,2026-08-20,Electronics,1431.8142939638294,France
TXN-10242,CUST-335,2025-12-13,Apparel,1373.9992975262637,UK
TXN-10243,CUST-100,2026-04-16,Footwear,567.8348763780577,Australia
TXN-10244,CUST-253,2025-11-13,Home Decor,42.875792462723794,Germany
TXN-10245,CUST-182,2025-10-19,Home Decor,1393.9114726298335,France
TXN-10246,CUST-225,2024-08-02,Home Decor,653.7125395096252,Australia
TXN-10247,CUST-104,2024-11-25,Electronics,1450.649132184631,Japan
TXN-10248,CUST-128,2025-11-06,Electronics,1446.1575660920942,UK
TXN-10249,CUST-337,2026-04-23,Footwear,1282.453994091693,USA
TXN-10250,CUST-192,2026-10-11,Apparel,455.7843602629868,USA
TXN-10251,CUST-324,2025-08-13,Apparel,589.9446383308493,UK
TXN-10252,CUST-312,2026-03-31,Apparel,1279.6822738449482,Japan
TXN-10253,CUST-306,2024-03-16,Electronics,489.04456763129093,USA
TXN-10254,CUST-178,2026-07-20,Home Decor,270.84926509541685,Germany
TXN-10255,CUST-161,2024-06-29,Footwear,844.0658684383583,France
TXN-10256,CUST-114,2025-10-06,Footwear,,Australia
TXN-10257,CUST-161,2025-05-31,Electronics,,Canada
TXN-10258,CUST-324,2025-10-24,Electronics,863.6905317322602,Australia
TXN-10259,CUST-245,2024-08-25,Home Decor,163.82121078073743,Canada
TXN-10260,CUST-342,2026-04-07,Home Decor,930.2106955147713,Japan
TXN-10261,CUST-120,2026-11-19,Electronics,1485.2796981543097,UK
TXN-10262,CUST-121,2024-01-03,Footwear,227.32434255005558,UK
TXN-10263,CUST-287,2026-08-04,Home Decor,,Canada
TXN-10264,CUST-224,2026-04-26,Home Decor,1318.512146453374,France
TXN-10265,CUST-308,2024-04-21,Footwear,1116.3375542762226,USA
TXN-10266,CUST-117,2025-01-19,Home Decor,1051.5832966729965,UK
TXN-10267,CUST-350,2026-11-27,Footwear,1059.6764443009217,Germany
TXN-10268,CUST-294,2026-01-10,Apparel,552.0469038052377,Germany
TXN-10269,CUST-236,2026-10-17,Home Decor,454.51592951145017,Germany
TXN-10270,CUST-296,2026-06-24,Home Decor,1217.8545101082002,France
TXN-10271,CUST-132,2024-04-15,Apparel,1218.9678241251875,Germany
TXN-10272,CUST-132,2025-02-20,Footwear,1303.2670314985535,Canada
TXN-10273,CUST-268,2025-06-30,Home Decor,1371.5960177835775,Japan
TXN-10274,CUST-221,2024-09-25,Apparel,,France
TXN-10275,CUST-342,2025-08-12,Footwear,762.2441161370555,USA
TXN-10276,CUST-240,2026-06-16,Home Decor,1201.4768648708273,Japan
TXN-10277,CUST-142,2026-09-19,Electronics,,Japan
TXN-10278,CUST-167,2024-09-05,Apparel,1058.910978341401,France
TXN-10279,CUST-235,2024-02-29,Footwear,1197.7731507654296,Canada
TXN-10280,CUST-323,2025-05-05,Electronics,1337.207905889998,UK
TXN-10281,CUST-255,2024-11-20,Footwear,,Germany
TXN-10282,CUST-208,2025-09-28,Electronics,575.8627699071171,Germany
TXN-10283,CUST-346,2024-01-29,Electronics,159.09327096448612,Germany
TXN-10284,CUST-154,2026-04-15,Apparel,875.8546086743374,UK
TXN-10285,CUST-337,2024-07-09,Apparel,73.19456521917829,France
TXN-10286,CUST-238,2025-04-05,Electronics,709.085066836041,Australia
TXN-10287,CUST-293,2024-08-20,Apparel,823.1140593672134,Canada
TXN-10288,CUST-286,2026-08-03,Footwear,444.0810531498609,France
TXN-10289,CUST-276,2024-08-28,Home Decor,,USA
TXN-10290,CUST-151,2024-11-11,Footwear,65.14036990979315,Japan
TXN-10291,CUST-282,2026-10-17,Electronics,75.27531934883734,Japan
TXN-10292,CUST-179,2025-08-20,Footwear,1237.4488297762941,UK
TXN-10293,CUST-202,2026-11-08,Electronics,553.082149288669,Australia
TXN-10294,CUST-271,2025-07-13,Footwear,-208.04955872478948,Australia
TXN-10295,CUST-266,2026-04-30,Footwear,792.9200248811105,USA
TXN-10296,CUST-195,2026-09-15,Apparel,1159.5904585859441,UK
TXN-10297,CUST-212,2026-08-25,Electronics,339.4151206953279,Australia
TXN-10298,CUST-330,2025-05-14,Electronics,941.8779042121204,France
TXN-10299,CUST-232,2026-07-24,Home Decor,146.31424819077665,Germany
TXN-10300,CUST-215,2024-10-23,Footwear,96.48894732953939,USA
TXN-10301,CUST-130,2026-02-24,Footwear,-806.404854720859,Germany
TXN-10302,CUST-163,2025-01-25,Home Decor,-820.1399799829577,USA
TXN-10303,CUST-157,2026-11-06,Electronics,963.3962542173457,Canada
TXN-10304,CUST-116,2024-10-06,Footwear,1094.6151739095392,Canada
TXN-10305,CUST-186,2024-05-22,Home Decor,1464.2610776045512,UK
TXN-10306,CUST-105,2025-07-19,Home Decor,784.124515485769,Australia
TXN-10307,CUST-250,2026-04-29,Home Decor,,Japan
TXN-10308,CUST-241,2025-11-27,Footwear,1196.8755682576814,Japan
TXN-10309,CUST-158,2026-11-05,Electronics,420.83173186786985,Germany
TXN-10310,CUST-250,2025-07-01,Electronics,,Australia
TXN-10311,CUST-156,2024-01-06,Home Decor,-136.11544438655363,Canada
TXN-10312,CUST-101,2025-08-02,Home Decor,57.51910025487712,Germany
TXN-10313,CUST-118,2025-09-03,Electronics,1444.719653723329,France
TXN-10314,CUST-281,2026-09-29,Home Decor,1257.2505783580646,UK
TXN-10315,CUST-261,2024-10-31,Home Decor,1050.041825018673,Japan
TXN-10316,CUST-115,2026-07-03,Electronics,625.2503577331195,Australia
TXN-10317,CUST-158,2026-09-18,Footwear,276.47559370485175,Japan
TXN-10318,CUST-117,2025-12-07,Home Decor,,USA
TXN-10319,CUST-331,2025-11-11,Footwear,390.3594892836011,USA
TXN-10320,CUST-108,2026-02-11,Home Decor,832.8554637650583,Germany
TXN-10321,CUST-320,2026-07-21,Home Decor,1077.6019655960922,USA
TXN-10322,CUST-184,2025-10-21,Home Decor,997.0921175422422,USA
TXN-10323,CUST-118,2025-01-21,Apparel,434.3021674799954,Canada
TXN-10324,CUST-231,2025-05-04,Footwear,1433.2006153815273,UK
TXN-10325,CUST-160,2026-02-23,Footwear,-1112.0874367097374,USA
TXN-10326,CUST-171,2025-04-23,Home Decor,840.443997716873,USA
TXN-10327,CUST-271,2026-04-21,Electronics,925.3467044268414,Japan
TXN-10328,CUST-224,2024-03-30,Home Decor,641.0080923931291,Australia
TXN-10329,CUST-154,2025-10-13,Apparel,-386.64186446171306,Germany
TXN-10330,CUST-238,2026-08-26,Home Decor,546.8395644038671,Canada
TXN-10331,CUST-133,2026-02-19,Apparel,,France
TXN-10332,CUST-285,2026-03-01,Home Decor,41.30236317203868,France
TXN-10333,CUST-339,2024-11-07,Footwear,191.78750795023603,Germany
TXN-10334,CUST-325,2026-10-11,Home Decor,88.08391019219407,Japan
TXN-10335,CUST-246,2024-03-16,Footwear,80.27862743207581,Australia
TXN-10336,CUST-247,2024-09-15,Electronics,1286.0816643362907,Australia
TXN-10337,CUST-221,2026-10-25,Electronics,1061.413631882435,France
TXN-10338,CUST-162,2025-11-10,Home Decor,721.7772670492412,Australia
TXN-10339,CUST-300,2024-07-24,Home Decor,-164.79455776348217,USA
TXN-10340,CUST-221,2026-06-20,Electronics,,France
TXN-10341,CUST-306,2024-07-23,Apparel,720.7382207552372,Germany
TXN-10342,CUST-204,2026-12-13,Electronics,-276.33876746682245,Germany
TXN-10343,CUST-148,2026-07-24,Electronics,,Germany
TXN-10344,CUST-124,2024-02-01,Apparel,609.7870069081127,UK
TXN-10345,CUST-124,2024-10-22,Electronics,,Canada
TXN-10346,CUST-268,2026-04-19,Electronics,959.9386032841128,USA
TXN-10347,CUST-210,2024-11-12,Apparel,87.04993446262588,Canada
TXN-10348,CUST-190,2024-06-02,Apparel,574.4266696471774,USA
TXN-10349,CUST-208,2026-08-19,Footwear,946.2726752570699,Germany
TXN-10350,CUST-205,2025-06-26,Home Decor,-764.6416626985298,UK
TXN-10351,CUST-219,2025-11-24,Footwear,1287.604964958717,Japan
TXN-10352,CUST-321,2026-03-25,Apparel,,UK
TXN-10353,CUST-286,2024-06-13,Electronics,261.14295208051595,Germany
TXN-10354,CUST-113,2025-11-03,Apparel,124.44174615263617,Canada
TXN-10355,CUST-272,2026-12-28,Electronics,970.7805317453472,Australia
TXN-10356,CUST-267,2026-02-17,Footwear,59.236739601600284,Germany
TXN-10357,CUST-265,2025-10-10,Footwear,886.9478602847257,France
TXN-10358,CUST-125,2026-09-26,Footwear,1411.5407573089371,Japan
TXN-10359,CUST-115,2024-03-14,Electronics,871.7017832563008,Japan
TXN-10360,CUST-203,2024-05-20,Home Decor,594.4914907856524,France
TXN-10361,CUST-286,2025-04-25,Home Decor,972.0665632946827,France
TXN-10362,CUST-186,2025-08-11,Home Decor,698.2142779274446,France
TXN-10363,CUST-304,2025-04-10,Apparel,827.5128481875837,USA
TXN-10364,CUST-320,2024-07-04,Apparel,1413.3679169892573,Canada
TXN-10365,CUST-127,2026-06-07,Electronics,591.4319039451459,France
TXN-10366,CUST-163,2024-07-20,Apparel,1442.562034459393,Australia
TXN-10367,CUST-149,2024-07-24,Electronics,1359.9189500949744,France
TXN-10368,CUST-148,2026-06-27,Footwear,309.77087948815876,Japan
TXN-10369,CUST-237,2024-12-06,Electronics,122.65472529524487,UK
TXN-10370,CUST-214,2025-09-05,Apparel,169.15144203859145,USA
TXN-10371,CUST-135,2024-02-29,Footwear,46.9683019642936,UK
TXN-10372,CUST-208,2024-04-04,Footwear,159.77558191877404,USA
TXN-10373,CUST-146,2025-10-26,Electronics,1030.850024656208,Australia
TXN-10374,CUST-171,2024-04-24,Home Decor,125.3591997211389,USA
TXN-10375,CUST-218,2025-08-23,Apparel,-492.08393283476676,Australia
TXN-10376,CUST-163,2026-01-04,Apparel,,Germany
TXN-10377,CUST-323,2026-02-06,Home Decor,,Germany
TXN-10378,CUST-336,2026-06-01,Apparel,1225.413354231625,USA
TXN-10379,CUST-119,2024-10-25,Home Decor,437.1450666646319,Canada
TXN-10380,CUST-213,2025-05-15,Home Decor,194.88394488005125,France
TXN-10381,CUST-306,2026-12-23,Footwear,1051.1710047389429,France
TXN-10382,CUST-320,2026-04-23,Footwear,,France
TXN-10383,CUST-319,2025-01-03,Electronics,1318.6585800200385,France
TXN-10384,CUST-240,2024-12-14,Footwear,1107.905144829751,UK
TXN-10385,CUST-125,2024-12-24,Home Decor,1209.1517769695758,USA
TXN-10386,CUST-112,2024-06-10,Electronics,437.4111674055336,USA
TXN-10387,CUST-266,2026-02-22,Apparel,282.6105247939898,France
TXN-10388,CUST-238,2025-05-08,Home Decor,1130.9098324284703,UK
TXN-10389,CUST-314,2026-10-16,Electronics,,France
TXN-10390,CUST-103,2024-10-20,Footwear,1485.9476101609964,USA
TXN-10391,CUST-348,2025-04-20,Home Decor,630.6741618289112,UK
TXN-10392,CUST-123,2026-08-02,Electronics,570.5867669733191,Australia
TXN-10393,CUST-337,2025-06-04,Apparel,1169.0911818981554,Canada
TXN-10394,CUST-292,2026-07-30,Home Decor,524.3892395744664,Germany
TXN-10395,CUST-317,2025-06-06,Home Decor,1397.5208418932757,Germany
TXN-10396,CUST-160,2024-01-20,Electronics,,Japan
TXN-10397,CUST-142,2026-08-10,Electronics,654.9111605150272,Japan
TXN-10398,CUST-204,2025-08-12,Footwear,1131.2891803314162,France
TXN-10399,CUST-224,2024-11-19,Footwear,-1136.72345364533,Canada
TXN-10400,CUST-223,2024-05-31,Home Decor,,UK
TXN-10401,CUST-154,2026-06-23,Apparel,1355.7783018857588,Canada
TXN-10402,CUST-321,2025-12-08,Footwear,767.7735112228286,UK
TXN-10403,CUST-202,2025-09-04,Apparel,1243.1570498394576,France
TXN-10404,CUST-331,2026-05-18,Electronics,493.6734095253054,Japan
TXN-10405,CUST-115,2025-05-27,Electronics,1345.3743781743767,Japan
TXN-10406,CUST-142,2026-07-24,Footwear,596.0184845265615,Canada
TXN-10407,CUST-197,2025-09-10,Home Decor,36.039724190841575,France
TXN-10408,CUST-100,2025-02-11,Electronics,1359.9653251005102,USA
TXN-10409,CUST-199,2026-02-26,Apparel,,Japan
TXN-10410,CUST-167,2026-09-16,Home Decor,492.584183633814,USA
TXN-10411,CUST-337,2024-08-06,Footwear,1426.0917112351913,Canada
TXN-10412,CUST-300,2025-04-30,Electronics,1426.898577467583,Japan
TXN-10413,CUST-300,2026-02-20,Footwear,868.6880744224634,Australia
TXN-10414,CUST-216,2026-01-05,Home Decor,955.1190740113029,Canada
TXN-10415,CUST-173,2025-08-28,Home Decor,683.6993725279133,Germany
TXN-10416,CUST-208,2025-08-27,Home Decor,453.9519421131355,USA
TXN-10417,CUST-278,2024-02-14,Apparel,506.4235271474756,Canada
TXN-10418,CUST-345,2026-03-21,Home Decor,,France
TXN-10419,CUST-287,2025-07-16,Home Decor,1133.5143035677663,Germany
TXN-10420,CUST-300,2024-01-17,Electronics,1191.5369847142558,France
TXN-10421,CUST-242,2024-04-10,Apparel,1188.6348513359399,USA
TXN-10422,CUST-269,2026-10-14,Apparel,,Australia
TXN-10423,CUST-283,2025-08-09,Footwear,751.7420509598206,Australia
TXN-10424,CUST-224,2025-04-16,Home Decor,105.18696482463353,Germany
TXN-10425,CUST-139,2025-12-22,Electronics,833.3027458391286,Canada
TXN-10426,CUST-148,2025-03-24,Footwear,673.465142032598,USA
TXN-10427,CUST-175,2025-01-24,Home Decor,1333.8021904822835,Australia
TXN-10428,CUST-155,2025-05-28,Apparel,539.3542185770765,Japan
TXN-10429,CUST-347,2024-10-07,Home Decor,193.2591843128567,Germany
TXN-10430,CUST-114,2024-07-17,Home Decor,231.62768943819708,UK
TXN-10431,CUST-248,2024-03-21,Electronics,1147.035734941859,Canada
TXN-10432,CUST-288,2025-09-24,Electronics,934.9627337080664,UK
TXN-10433,CUST-238,2026-06-21,Electronics,169.66156066172957,Canada
TXN-10434,CUST-115,2024-03-09,Footwear,144.4780730501962,Japan
TXN-10435,CUST-291,2026-01-17,Electronics,1057.4343145594976,USA
TXN-10436,CUST-180,2024-09-26,Footwear,127.68924941900642,Germany
TXN-10437,CUST-114,2024-07-03,Home Decor,1236.3528877497272,France
TXN-10438,CUST-112,2025-08-27,Footwear,,France
TXN-10439,CUST-249,2025-10-31,Footwear,140.39619535001165,USA
TXN-10440,CUST-222,2026-04-30,Electronics,-145.55981684608403,UK
TXN-10441,CUST-228,2024-12-25,Electronics,1480.2265761817396,France
TXN-10442,CUST-335,2025-02-15,Apparel,573.920777719058,Germany
TXN-10443,CUST-318,2024-09-27,Footwear,568.5503776589985,USA
TXN-10444,CUST-235,2026-01-19,Home Decor,1222.9433595411037,USA
TXN-10445,CUST-140,2026-12-23,Apparel,1421.927894528111,Japan
TXN-10446,CUST-114,2026-10-24,Apparel,1479.2815744578488,Japan
TXN-10447,CUST-345,2025-07-12,Apparel,1134.9997141832337,USA
TXN-10448,CUST-230,2024-12-02,Electronics,576.8641865857553,UK
TXN-10449,CUST-120,2025-06-10,Electronics,143.58106071402977,USA
TXN-10450,CUST-317,2026-09-13,Electronics,1170.1774355726066,Australia
TXN-10451,CUST-147,2025-08-27,Home Decor,846.4382896089915,Canada
TXN-10452,CUST-117,2025-11-24,Footwear,647.8485736855249,Australia
TXN-10453,CUST-252,2024-08-23,Apparel,1361.4044899402093,UK
TXN-10454,CUST-117,2026-08-17,Electronics,184.57227381310398,UK
TXN-10455,CUST-272,2024-06-03,Footwear,749.0851543504715,Japan
TXN-10456,CUST-320,2024-10-15,Apparel,,USA
TXN-10457,CUST-160,2025-04-07,Footwear,713.6177501513068,Germany
TXN-10458,CUST-203,2026-03-24,Apparel,103.32884800911928,Japan
TXN-10459,CUST-130,2026-01-19,Footwear,195.85051607674643,France
TXN-10460,CUST-341,2024-07-03,Electronics,-193.93884523011522,France
TXN-10461,CUST-327,2026-03-19,Footwear,980.831247131774,France
TXN-10462,CUST-245,2024-01-29,Footwear,1124.1464213128265,Australia
TXN-10463,CUST-163,2025-06-25,Apparel,883.3857723437962,UK
TXN-10464,CUST-248,2024-09-10,Footwear,1444.015371742322,Canada
TXN-10465,CUST-252,2026-07-20,Home Decor,574.808457695082,UK
TXN-10466,CUST-110,2026-01-24,Apparel,442.8538876971539,Australia
TXN-10467,CUST-258,2025-06-20,Footwear,1305.5267097204012,France
TXN-10468,CUST-120,2026-02-19,Home Decor,350.9218410087899,Canada
TXN-10469,CUST-207,2026-01-30,Apparel,1445.5693583721047,Canada
TXN-10470,CUST-268,2024-08-09,Electronics,37.98862254092818,Japan
TXN-10471,CUST-249,2025-04-23,Apparel,1455.4206635273058,USA
TXN-10472,CUST-244,2026-08-23,Apparel,83.87666968685265,Germany
TXN-10473,CUST-233,2024-02-21,Footwear,1338.8918082731452,Canada
TXN-10474,CUST-180,2025-11-02,Home Decor,,USA
TXN-10475,CUST-339,2025-03-29,Apparel,1489.5878982565646,Germany
TXN-10476,CUST-166,2024-05-09,Apparel,129.2189158083903,France
TXN-10477,CUST-152,2026-08-08,Apparel,,USA
TXN-10478,CUST-271,2025-09-10,Footwear,1454.5677527162666,UK
TXN-10479,CUST-283,2026-04-16,Apparel,794.1848093718203,UK
TXN-10480,CUST-180,2024-08-26,Home Decor,951.5099844401885,Japan
TXN-10481,CUST-161,2024-10-13,Footwear,1049.7080596972335,Germany
TXN-10482,CUST-167,2024-04-02,Electronics,-692.7207758563044,USA
TXN-10483,CUST-201,2024-03-17,Electronics,948.7859585244139,Australia
TXN-10484,CUST-133,2025-09-15,Footwear,-884.7851816461883,USA
TXN-10485,CUST-271,2026-10-05,Home Decor,1353.7138555266638,Australia
TXN-10486,CUST-265,2024-08-25,Footwear,87.26064290535764,Japan
TXN-10487,CUST-176,2024-07-18,Footwear,435.8255205965009,Canada
TXN-10488,CUST-217,2025-04-25,Footwear,1426.6089964333069,Japan
TXN-10489,CUST-180,2024-10-04,Footwear,1337.5904001585561,Japan
TXN-10490,CUST-337,2026-03-06,Apparel,694.3719941228552,Canada
TXN-10491,CUST-292,2026-07-18,Electronics,937.7962447462744,Canada
TXN-10492,CUST-339,2026-01-29,Home Decor,430.52415081207636,USA
TXN-10493,CUST-118,2026-05-08,Apparel,298.4193163911667,Germany
TXN-10494,CUST-102,2024-11-12,Electronics,706.2736393111736,Australia
TXN-10495,CUST-217,2026-04-29,Footwear,542.9612974785582,USA
TXN-10496,CUST-259,2024-07-21,Electronics,883.8110455392907,Canada
TXN-10497,CUST-244,2026-09-29,Electronics,135.04726270817756,UK
TXN-10498,CUST-125,2026-04-15,Apparel,1462.1043153459264,Canada
TXN-10499,CUST-118,2025-07-26,Apparel,1479.5919018298123,Germany
TXN-10500,CUST-237,2024-03-08,Home Decor,1053.2793367492227,Japan
TXN-10501,CUST-154,2026-01-28,Footwear,813.4226221892982,Canada
TXN-10502,CUST-229,2025-03-20,Footwear,478.1008721037651,France
TXN-10503,CUST-167,2026-06-27,Footwear,1224.416629166284,Germany
TXN-10504,CUST-133,2026-06-29,Electronics,,UK
TXN-10505,CUST-338,2025-04-28,Electronics,260.6730702304391,Australia
TXN-10506,CUST-189,2026-01-12,Footwear,-1368.172233050887,Canada
TXN-10507,CUST-325,2024-07-22,Home Decor,1237.35511952629,Germany
TXN-10508,CUST-117,2026-01-22,Electronics,1425.7038716720476,Australia
TXN-10509,CUST-325,2026-01-04,Home Decor,1094.0648724147727,Japan
TXN-10510,CUST-162,2024-05-04,Electronics,927.854489984969,Japan
TXN-10511,CUST-194,2026-03-26,Apparel,638.9996937101159,UK
TXN-10512,CUST-172,2025-07-19,Apparel,,France
TXN-10513,CUST-140,2025-01-23,Footwear,1301.7745564606043,Germany
TXN-10514,CUST-212,2024-09-07,Apparel,86.92363175716032,Japan
TXN-10515,CUST-313,2026-07-20,Electronics,59.02312225593297,Japan
TXN-10516,CUST-239,2024-07-06,Electronics,577.1657829795134,UK
TXN-10517,CUST-280,2025-03-10,Apparel,1219.6189295571128,UK
TXN-10518,CUST-177,2024-02-13,Apparel,1481.1686713861177,USA
TXN-10519,CUST-256,2024-04-13,Apparel,242.61699883322171,Australia
TXN-10520,CUST-306,2025-11-14,Footwear,,USA
TXN-10521,CUST-267,2025-05-13,Apparel,583.7184678139118,UK
TXN-10522,CUST-235,2024-09-14,Electronics,1455.4733087656127,Germany
TXN-10523,CUST-102,2025-02-24,Apparel,1266.3360062408487,Canada
TXN-10524,CUST-270,2024-05-20,Footwear,1260.726482972484,France
TXN-10525,CUST-309,2025-02-28,Footwear,713.665876496556,Japan
TXN-10526,CUST-241,2025-03-18,Electronics,633.9328634597445,France
TXN-10527,CUST-176,2025-04-22,Electronics,-424.6424664574452,USA
TXN-10528,CUST-338,2025-11-03,Apparel,103.43573504337213,Canada
TXN-10529,CUST-269,2024-10-29,Electronics,1299.7891168574788,USA
TXN-10530,CUST-126,2024-01-06,Home Decor,,Japan
TXN-10531,CUST-340,2025-07-21,Electronics,1499.5821564634732,France
TXN-10532,CUST-324,2024-10-23,Home Decor,1495.02251886938,Australia
TXN-10533,CUST-134,2024-09-23,Home Decor,842.0389242918886,Japan
TXN-10534,CUST-167,2025-05-28,Electronics,1158.1013744671554,France
TXN-10535,CUST-129,2024-12-23,Home Decor,1418.2532802259934,France
TXN-10536,CUST-327,2024-08-13,Electronics,-1277.478138202569,Canada
TXN-10537,CUST-127,2024-02-22,Electronics,386.07519057993255,USA
TXN-10538,CUST-290,2024-09-26,Footwear,686.8053202589384,UK
TXN-10539,CUST-241,2024-01-31,Home Decor,211.15593442421257,Germany
TXN-10540,CUST-139,2026-01-03,Home Decor,1431.995520342909,UK
TXN-10541,CUST-169,2025-05-02,Apparel,917.1384589873024,Australia
TXN-10542,CUST-172,2025-10-25,Electronics,358.3913521451248,Australia
TXN-10543,CUST-254,2024-02-02,Footwear,1014.117012920668,USA
TXN-10544,CUST-153,2024-12-22,Footwear,934.8297958776858,UK
TXN-10545,CUST-283,2025-06-27,Apparel,550.0808226886039,France
TXN-10546,CUST-187,2024-04-17,Home Decor,188.06523645545096,Canada
TXN-10547,CUST-152,2024-09-16,Footwear,,USA
TXN-10548,CUST-275,2026-05-12,Home Decor,790.0553973376141,USA
TXN-10549,CUST-262,2026-12-13,Footwear,1163.0312197687463,UK
TXN-10550,CUST-318,2024-08-20,Footwear,789.8419816457503,Japan
TXN-10551,CUST-167,2024-05-10,Electronics,1281.2286204714394,Germany
TXN-10552,CUST-229,2026-09-02,Home Decor,836.8221213862386,Australia
TXN-10553,CUST-225,2026-07-07,Footwear,850.1881978723717,France
TXN-10554,CUST-164,2026-01-11,Electronics,1317.4473319343506,Canada
TXN-10555,CUST-331,2026-11-17,Footwear,617.1546419943476,Australia
TXN-10556,CUST-332,2024-08-11,Electronics,218.3425381069483,France
TXN-10557,CUST-316,2026-07-14,Electronics,62.59836094374168,USA
TXN-10558,CUST-113,2026-10-28,Home Decor,1137.6031383969562,Germany
TXN-10559,CUST-123,2025-03-29,Electronics,938.0581360031277,USA
TXN-10560,CUST-262,2024-03-29,Footwear,,Germany
TXN-10561,CUST-208,2026-12-03,Apparel,335.18695903318786,UK
TXN-10562,CUST-312,2025-09-09,Footwear,221.82978386841924,France
TXN-10563,CUST-170,2026-07-27,Footwear,41.52610518846525,Japan
TXN-10564,CUST-111,2024-03-04,Electronics,538.8695870337635,Australia
TXN-10565,CUST-100,2024-05-04,Footwear,893.078176544857,USA
TXN-10566,CUST-185,2026-09-07,Electronics,600.5211867476038,Germany
TXN-10567,CUST-297,2026-04-02,Home Decor,667.462884595119,Germany
TXN-10568,CUST-133,2026-05-23,Electronics,1358.1548678507477,USA
TXN-10569,CUST-263,2024-08-09,Home Decor,535.4180911944845,Australia
TXN-10570,CUST-350,2026-10-01,Apparel,780.70444395652,France
TXN-10571,CUST-167,2026-06-27,Footwear,1179.8064588568918,UK
TXN-10572,CUST-141,2024-05-30,Home Decor,606.8833178354798,UK
TXN-10573,CUST-289,2024-06-14,Apparel,940.6883163372528,Canada
TXN-10574,CUST-213,2025-10-21,Electronics,,Canada
TXN-10575,CUST-241,2024-10-30,Apparel,1425.2905230133103,Japan
TXN-10576,CUST-280,2024-05-14,Home Decor,237.66875177497616,Canada
TXN-10577,CUST-209,2024-09-15,Footwear,1391.3496852390117,Japan
TXN-10578,CUST-243,2025-07-17,Apparel,748.3321137577166,Australia
TXN-10579,CUST-102,2025-10-27,Apparel,402.20169468245837,France
TXN-10580,CUST-128,2026-02-19,Electronics,699.5209192326267,Japan
TXN-10581,CUST-119,2026-12-22,Electronics,1470.4482114225061,France
TXN-10582,CUST-341,2025-08-26,Footwear,749.074779109447,Canada
TXN-10583,CUST-326,2026-07-18,Electronics,506.55238322551213,Canada
TXN-10584,CUST-276,2026-11-01,Home Decor,957.4332643887542,Australia
TXN-10585,CUST-331,2026-05-31,Home Decor,375.41551579172574,Canada
TXN-10586,CUST-138,2024-07-22,Apparel,132.2777256008226,UK
TXN-10587,CUST-239,2024-08-22,Electronics,210.74198842776084,USA
TXN-10588,CUST-109,2025-03-16,Electronics,209.5078416575032,UK
TXN-10589,CUST-313,2026-05-30,Apparel,244.81598639819563,UK
TXN-10590,CUST-194,2026-07-13,Footwear,225.464215521127,Japan
TXN-10591,CUST-249,2025-04-12,Electronics,-968.4946223087576,Japan
TXN-10592,CUST-241,2026-04-27,Electronics,,Germany
TXN-10593,CUST-137,2025-11-25,Footwear,531.5875793193176,USA
TXN-10594,CUST-210,2026-07-17,Electronics,,UK
TXN-10595,CUST-132,2026-03-27,Home Decor,,USA
TXN-10596,CUST-110,2026-05-01,Home Decor,1007.9854530111202,UK
TXN-10597,CUST-178,2024-07-13,Footwear,275.03340937841216,Australia
TXN-10598,CUST-193,2025-10-02,Footwear,304.58774783683276,Australia
TXN-10599,CUST-330,2026-05-24,Home Decor,80.48555207438872,Canada
TXN-10600,CUST-338,2025-10-02,Home Decor,,Australia
TXN-10601,CUST-303,2025-06-06,Home Decor,,USA
TXN-10602,CUST-348,2026-02-05,Home Decor,281.9755167295853,Germany
TXN-10603,CUST-320,2024-11-08,Footwear,151.2797499604423,Canada
TXN-10604,CUST-110,2026-08-29,Footwear,198.5410892288892,Japan
TXN-10605,CUST-330,2024-05-17,Apparel,701.9525766884342,UK
TXN-10606,CUST-191,2024-07-05,Footwear,325.37390324057293,Australia
TXN-10607,CUST-153,2024-06-23,Home Decor,559.1193943511516,Canada
TXN-10608,CUST-274,2024-07-09,Electronics,765.0575608651882,Australia
TXN-10609,CUST-163,2026-06-03,Home Decor,1041.7843463714607,Canada
TXN-10610,CUST-270,2024-07-16,Home Decor,78.18196696482643,Japan
TXN-10611,CUST-126,2026-02-02,Footwear,1203.127390385383,USA
TXN-10612,CUST-190,2024-09-23,Apparel,949.2925764465435,USA
TXN-10613,CUST-299,2024-05-02,Electronics,141.0033672843304,UK
TXN-10614,CUST-243,2025-11-06,Electronics,1312.8963636780302,Japan
TXN-10615,CUST-326,2024-09-07,Apparel,1382.8911527870835,France
TXN-10616,CUST-323,2026-04-21,Home Decor,110.39538058519835,Canada
TXN-10617,CUST-204,2025-12-25,Footwear,-429.7789192578615,Japan
TXN-10618,CUST-349,2026-05-16,Home Decor,1213.1778940937309,France
TXN-10619,CUST-258,2024-04-15,Electronics,1127.4243417678144,France
TXN-10620,CUST-291,2025-08-12,Electronics,293.09110864743843,Germany
TXN-10621,CUST-139,2025-10-01,Home Decor,329.8369985383313,USA
TXN-10622,CUST-336,2025-12-21,Electronics,568.2987121312453,UK
TXN-10623,CUST-338,2024-07-31,Footwear,,Japan
TXN-10624,CUST-160,2026-11-05,Electronics,935.0170618648381,Japan
TXN-10625,CUST-321,2025-03-11,Footwear,565.9921865632632,Canada
TXN-10626,CUST-141,2024-11-12,Home Decor,704.5513798770589,UK
TXN-10627,CUST-349,2026-09-14,Home Decor,1126.2569884379598,USA
TXN-10628,CUST-304,2025-04-04,Footwear,74.2911402780849,France
TXN-10629,CUST-307,2024-08-09,Footwear,393.60667762915074,UK
TXN-10630,CUST-145,2025-12-18,Footwear,1075.7573871091377,Canada
TXN-10631,CUST-325,2026-01-22,Electronics,1344.906119777055,Australia
TXN-10632,CUST-205,2024-08-23,Home Decor,777.2826143311859,Germany
TXN-10633,CUST-106,2025-07-24,Electronics,807.5279581926671,USA
TXN-10634,CUST-145,2025-04-08,Electronics,178.61457678286857,France
TXN-10635,CUST-288,2026-05-28,Footwear,682.1703028987129,Canada
TXN-10636,CUST-336,2024-02-23,Electronics,808.2735543534343,Canada
TXN-10637,CUST-185,2025-07-01,Apparel,378.8563453793999,Japan
TXN-10638,CUST-300,2024-02-29,Apparel,418.4799818050838,UK
TXN-10639,CUST-338,2025-01-04,Apparel,578.3805613948415,USA
TXN-10640,CUST-205,2025-07-13,Apparel,,Australia
TXN-10641,CUST-305,2025-09-24,Apparel,496.67716506310387,Japan
TXN-10642,CUST-271,2025-11-26,Footwear,332.94305035488605,Australia
TXN-10643,CUST-321,2025-12-19,Electronics,,Germany
TXN-10644,CUST-288,2024-01-13,Electronics,-197.2479550924918,France
TXN-10645,CUST-307,2025-01-06,Apparel,1337.9803754950444,Germany
TXN-10646,CUST-163,2024-10-20,Electronics,898.516831259992,UK
TXN-10647,CUST-168,2026-03-31,Apparel,1025.0714323338448,USA
TXN-10648,CUST-140,2024-05-22,Electronics,1187.9734331388606,Australia
TXN-10649,CUST-301,2024-10-17,Footwear,-757.6944544150048,USA
TXN-10650,CUST-279,2024-03-03,Home Decor,148.64202636938705,Japan
TXN-10651,CUST-127,2024-07-06,Apparel,814.9176818914507,Japan
TXN-10652,CUST-197,2026-12-22,Footwear,-888.5248546709012,UK
TXN-10653,CUST-323,2025-03-16,Footwear,1123.2504217928083,USA
TXN-10654,CUST-109,2026-02-09,Apparel,658.8561284199255,USA
TXN-10655,CUST-319,2026-05-09,Apparel,208.81884813743437,USA
TXN-10656,CUST-220,2026-07-18,Footwear,439.98834058211224,Japan
TXN-10657,CUST-156,2025-11-29,Apparel,557.36179866998,Japan
TXN-10658,CUST-151,2024-11-18,Apparel,975.9575171707698,UK
TXN-10659,CUST-309,2026-01-27,Home Decor,864.7518909099896,UK
TXN-10660,CUST-335,2025-09-30,Home Decor,547.0231543288124,UK
TXN-10661,CUST-217,2025-10-26,Apparel,,Japan
TXN-10662,CUST-189,2024-06-22,Footwear,916.546732648193,Australia
TXN-10663,CUST-178,2024-04-17,Electronics,371.09565176927185,Canada
TXN-10664,CUST-310,2024-11-14,Apparel,170.63805947819753,France
TXN-10665,CUST-303,2024-11-18,Apparel,246.2315259928114,France
TXN-10666,CUST-323,2024-04-11,Electronics,384.01743800907207,France
TXN-10667,CUST-158,2024-06-16,Electronics,257.8084324241424,USA
TXN-10668,CUST-157,2025-07-11,Electronics,296.1191955959325,Germany
TXN-10669,CUST-106,2026-06-26,Home Decor,441.9408496668937,Germany
TXN-10670,CUST-268,2026-05-18,Home Decor,276.59292103623716,Canada
TXN-10671,CUST-149,2026-09-21,Home Decor,1347.2128284471094,Japan
TXN-10672,CUST-202,2026-06-24,Footwear,138.74594357923047,USA
TXN-10673,CUST-184,2026-04-28,Apparel,796.2768565639769,USA
TXN-10674,CUST-171,2025-07-13,Home Decor,627.387303944699,USA
TXN-10675,CUST-321,2025-03-17,Footwear,1473.9203530247376,UK
TXN-10676,CUST-117,2026-11-15,Footwear,185.81757520871747,France
TXN-10677,CUST-347,2024-08-21,Electronics,608.8262865876976,Australia
TXN-10678,CUST-297,2025-12-07,Electronics,1454.8162412475458,Japan
TXN-10679,CUST-171,2026-05-30,Home Decor,1300.9505463230907,UK
TXN-10680,CUST-189,2024-08-15,Apparel,1229.2666650049343,USA
TXN-10681,CUST-264,2025-08-03,Apparel,,Japan
TXN-10682,CUST-230,2026-09-23,Apparel,272.9136293372974,Japan
TXN-10683,CUST-202,2026-12-15,Footwear,1009.5919654881578,Japan
TXN-10684,CUST-273,2025-09-23,Footwear,1395.4764639088269,Canada
TXN-10685,CUST-315,2024-04-03,Footwear,844.0090816606161,USA
TXN-10686,CUST-237,2025-03-27,Footwear,865.9867804154518,USA
TXN-10687,CUST-184,2026-03-20,Apparel,-434.36905861722056,Australia
TXN-10688,CUST-340,2024-04-22,Apparel,1158.8495411240667,USA
TXN-10689,CUST-107,2024-01-16,Electronics,296.8247478651346,UK
TXN-10690,CUST-129,2025-02-22,Apparel,499.04526987828064,Germany
TXN-10691,CUST-324,2025-09-09,Footwear,,Australia
TXN-10692,CUST-348,2025-03-08,Footwear,771.2633604529934,Japan
TXN-10693,CUST-166,2024-10-08,Home Decor,378.76640397431873,France
TXN-10694,CUST-145,2025-06-07,Apparel,-189.95850061402123,Australia
TXN-10695,CUST-248,2025-08-15,Apparel,923.7176628136162,Australia
TXN-10696,CUST-346,2025-11-02,Electronics,447.1732187955785,USA
TXN-10697,CUST-167,2024-09-02,Electronics,880.2325677054662,Australia
TXN-10698,CUST-109,2024-01-16,Footwear,248.45681860581942,France
TXN-10699,CUST-127,2026-10-15,Home Decor,732.0873507451299,Australia
TXN-10700,CUST-252,2026-05-31,Apparel,808.2323601763471,UK
TXN-10701,CUST-211,2024-12-25,Apparel,96.69883449719183,Canada
TXN-10702,CUST-188,2024-09-21,Home Decor,518.1743317270025,UK
TXN-10703,CUST-286,2026-02-17,Apparel,,UK
TXN-10704,CUST-301,2026-12-26,Electronics,,Canada
TXN-10705,CUST-180,2025-04-16,Home Decor,1485.1411439371188,Canada
TXN-10706,CUST-211,2026-10-21,Apparel,497.08369056259,Australia
TXN-10707,CUST-255,2025-12-26,Electronics,1218.6141798648596,UK
TXN-10708,CUST-230,2024-05-27,Electronics,396.8681690503705,USA
TXN-10709,CUST-129,2026-03-24,Footwear,1028.6240288914153,Germany
TXN-10710,CUST-198,2024-03-27,Apparel,1145.1372326367361,Germany
TXN-10711,CUST-330,2026-06-12,Home Decor,901.5453360996095,Germany
TXN-10712,CUST-247,2024-02-08,Electronics,717.9327590542343,UK
TXN-10713,CUST-148,2026-07-30,Electronics,629.5245529379574,France
TXN-10714,CUST-165,2024-06-08,Footwear,536.3250344836331,Canada
TXN-10715,CUST-111,2025-10-03,Home Decor,1395.7031334867822,Australia
TXN-10716,CUST-281,2026-05-29,Footwear,1249.316723525839,Australia
TXN-10717,CUST-211,2026-04-08,Electronics,1448.2398277864386,Germany
TXN-10718,CUST-100,2026-05-05,Apparel,203.9598907586062,Australia
TXN-10719,CUST-233,2025-08-15,Home Decor,1101.6838633013936,USA
TXN-10720,CUST-336,2024-08-23,Apparel,,USA
TXN-10721,CUST-306,2026-04-09,Apparel,288.224937925177,Canada
TXN-10722,CUST-237,2024-02-12,Footwear,-118.41447570283069,Australia
TXN-10723,CUST-275,2025-10-27,Electronics,1116.8585609492875,UK
TXN-10724,CUST-284,2024-12-17,Apparel,-870.2202075062696,Australia
TXN-10725,CUST-340,2026-07-31,Home Decor,,UK
TXN-10726,CUST-289,2026-01-11,Footwear,226.86311740690846,France
TXN-10727,CUST-288,2024-06-29,Home Decor,1196.9956215526374,Japan
TXN-10728,CUST-271,2026-06-13,Apparel,,Germany
TXN-10729,CUST-150,2024-08-04,Home Decor,262.2107954412427,UK
TXN-10730,CUST-193,2025-05-13,Footwear,263.1133809378696,France
TXN-10731,CUST-210,2026-06-11,Footwear,1225.5705859424456,Japan
TXN-10732,CUST-117,2026-03-31,Electronics,1004.4918866303761,Germany
TXN-10733,CUST-342,2026-12-09,Home Decor,794.1368286582966,Japan
TXN-10734,CUST-270,2024-06-10,Footwear,551.0691165027837,USA
TXN-10735,CUST-335,2026-03-21,Footwear,1318.2568004034003,Australia
TXN-10736,CUST-184,2025-09-27,Electronics,,Japan
TXN-10737,CUST-259,2025-11-26,Footwear,-1228.567170417934,France
TXN-10738,CUST-180,2025-03-29,Apparel,669.9196646839233,Canada
TXN-10739,CUST-269,2025-11-13,Home Decor,,Australia
TXN-10740,CUST-317,2024-12-10,Electronics,704.7660827910175,Germany
TXN-10741,CUST-131,2024-06-05,Apparel,-466.0392537629303,Japan
TXN-10742,CUST-284,2026-11-11,Apparel,1126.4618826608516,Australia
TXN-10743,CUST-330,2024-08-21,Home Decor,764.0261773368692,Canada
TXN-10744,CUST-176,2026-12-22,Electronics,363.6747888172896,Germany
TXN-10745,CUST-229,2026-11-10,Footwear,1351.3703684463612,Germany
TXN-10746,CUST-179,2025-02-01,Electronics,588.1590076323529,Canada
TXN-10747,CUST-270,2025-12-16,Footwear,824.4582344487031,Australia
TXN-10748,CUST-204,2025-12-20,Home Decor,1361.5787242275294,Canada
TXN-10749,CUST-183,2024-10-29,Home Decor,943.8722339527083,UK
TXN-10750,CUST-203,2025-04-28,Apparel,193.00910024837881,USA
TXN-10751,CUST-278,2024-07-29,Apparel,1410.9515429479432,Canada
TXN-10752,CUST-175,2024-10-26,Apparel,-949.0079185456984,Germany
TXN-10753,CUST-241,2025-06-08,Home Decor,515.6603096924875,UK
TXN-10754,CUST-132,2025-02-08,Footwear,226.12266754181314,USA
TXN-10755,CUST-149,2024-12-21,Home Decor,1195.157280120038,Japan
TXN-10756,CUST-207,2024-11-09,Home Decor,937.7076787742,Japan
TXN-10757,CUST-270,2024-06-03,Apparel,809.5224161249558,Canada
TXN-10758,CUST-340,2024-12-28,Electronics,1342.9610229154173,USA
TXN-10759,CUST-197,2026-10-08,Apparel,1187.1238726123056,Japan
TXN-10760,CUST-273,2026-08-08,Electronics,244.47882200447174,Australia
TXN-10761,CUST-291,2026-07-08,Footwear,481.3486603374114,Germany
TXN-10762,CUST-331,2025-10-23,Footwear,387.7639269254093,Canada
TXN-10763,CUST-144,2025-10-09,Footwear,1121.040513007562,Japan
TXN-10764,CUST-257,2024-11-05,Apparel,69.62800340895348,Germany
TXN-10765,CUST-245,2026-06-19,Apparel,863.4367336095485,UK
TXN-10766,CUST-177,2024-05-19,Apparel,-1148.438854896222,UK
TXN-10767,CUST-203,2026-08-18,Home Decor,1317.6131424073892,USA
TXN-10768,CUST-240,2026-06-24,Apparel,,UK
TXN-10769,CUST-313,2025-09-12,Home Decor,-1235.460810914579,France
TXN-10770,CUST-100,2025-07-16,Footwear,183.73497069370669,UK
TXN-10771,CUST-177,2024-04-25,Apparel,1272.749391767087,Canada
TXN-10772,CUST-173,2025-12-21,Home Decor,208.68322025133398,Germany
TXN-10773,CUST-153,2026-11-05,Footwear,,Japan
TXN-10774,CUST-210,2024-05-31,Footwear,1199.9971413537394,Japan
TXN-10775,CUST-301,2025-09-27,Apparel,241.8777924761852,France
TXN-10776,CUST-248,2026-08-03,Electronics,359.2920649443094,USA
TXN-10777,CUST-255,2026-07-14,Electronics,1088.9338012217381,Japan
TXN-10778,CUST-267,2024-03-18,Footwear,1085.65407408819,UK
TXN-10779,CUST-182,2024-04-26,Electronics,968.89849667024,Germany
TXN-10780,CUST-219,2026-01-25,Electronics,,Japan
TXN-10781,CUST-213,2025-08-10,Home Decor,823.2321761544423,Japan
TXN-10782,CUST-213,2024-06-06,Home Decor,392.66260718229006,Australia
TXN-10783,CUST-272,2024-07-03,Home Decor,531.6300703858008,Canada
TXN-10784,CUST-154,2026-11-04,Footwear,,Japan
TXN-10785,CUST-230,2026-02-26,Electronics,1364.50683077377,Japan
TXN-10786,CUST-221,2026-08-05,Apparel,883.4198562538583,UK
TXN-10787,CUST-303,2024-03-25,Electronics,,UK
TXN-10788,CUST-330,2026-07-10,Footwear,703.7685893933163,UK
TXN-10789,CUST-345,2025-01-20,Home Decor,1421.9793426254867,Germany
TXN-10790,CUST-303,2025-10-20,Footwear,246.96007661179868,Canada
TXN-10791,CUST-288,2026-09-01,Home Decor,887.6201513848599,Japan
TXN-10792,CUST-143,2026-10-23,Footwear,,France
TXN-10793,CUST-268,2024-11-04,Apparel,924.9522684432787,France
TXN-10794,CUST-121,2024-05-06,Home Decor,46.80307205484395,Canada
TXN-10795,CUST-172,2026-07-11,Home Decor,1310.7433852373442,Germany
TXN-10796,CUST-231,2024-07-30,Electronics,1399.5350580757463,USA
TXN-10797,CUST-269,2025-12-04,Footwear,856.3971117120292,France
TXN-10798,CUST-262,2024-06-21,Electronics,1051.0432193378006,France
TXN-10799,CUST-258,2026-10-30,Footwear,1385.2990841423975,Canada
TXN-10800,CUST-185,2024-12-19,Apparel,1066.71317878383,Germany
TXN-10801,CUST-123,2024-03-21,Electronics,245.7577835131068,Germany
TXN-10802,CUST-309,2025-05-22,Home Decor,,UK
TXN-10803,CUST-343,2026-06-15,Apparel,917.9382686466267,Germany
TXN-10804,CUST-292,2026-06-18,Footwear,647.7133935275313,UK
TXN-10805,CUST-160,2026-12-09,Home Decor,1109.9374687245897,Japan
TXN-10806,CUST-272,2026-12-06,Footwear,1402.863181858142,Japan
TXN-10807,CUST-179,2024-11-21,Home Decor,1389.841399102029,Australia
TXN-10808,CUST-157,2026-01-15,Footwear,687.2422696781155,Germany
TXN-10809,CUST-306,2026-02-02,Home Decor,187.5923078443178,Canada
TXN-10810,CUST-150,2025-08-02,Footwear,1477.564974464255,UK
TXN-10811,CUST-137,2026-03-04,Electronics,1261.5691679399824,Australia
TXN-10812,CUST-106,2026-04-17,Home Decor,204.50076818083494,USA
TXN-10813,CUST-111,2025-11-23,Home Decor,1382.845986273711,USA
TXN-10814,CUST-162,2024-04-17,Electronics,1307.44661585195,USA
TXN-10815,CUST-221,2025-11-16,Footwear,787.8803245465867,UK
TXN-10816,CUST-256,2024-05-14,Home Decor,895.0876449024953,Germany
TXN-10817,CUST-317,2025-11-06,Electronics,610.5240017277928,UK
TXN-10818,CUST-296,2024-07-12,Footwear,101.04722545660637,USA
TXN-10819,CUST-118,2026-03-02,Home Decor,516.0919176359334,Germany
TXN-10820,CUST-216,2025-08-04,Home Decor,1208.2231039250569,Australia
TXN-10821,CUST-206,2025-05-31,Footwear,26.85539404681223,USA
TXN-10822,CUST-326,2024-11-03,Electronics,513.5787741028934,Canada
TXN-10823,CUST-261,2025-11-13,Home Decor,609.2896665145961,Germany
TXN-10824,CUST-247,2024-06-15,Footwear,815.3454923481258,UK
TXN-10825,CUST-149,2024-10-16,Home Decor,,Japan
TXN-10826,CUST-283,2025-12-17,Footwear,532.5920716616226,UK
TXN-10827,CUST-278,2025-09-27,Home Decor,,Canada
TXN-10828,CUST-198,2026-03-13,Apparel,1111.5018472024276,France
TXN-10829,CUST-226,2024-09-21,Electronics,689.2825525169146,UK
TXN-10830,CUST-202,2024-06-22,Electronics,352.4151379511733,Japan
TXN-10831,CUST-162,2025-09-26,Apparel,689.6104838763862,Japan
TXN-10832,CUST-137,2026-02-10,Footwear,228.4683901621038,Japan
TXN-10833,CUST-267,2025-11-03,Electronics,281.0527400292105,Canada
TXN-10834,CUST-276,2024-09-18,Footwear,757.5843036544301,USA
TXN-10835,CUST-101,2026-12-14,Home Decor,640.0096652667308,USA
TXN-10836,CUST-328,2024-07-10,Apparel,1373.9719335807881,UK
TXN-10837,CUST-292,2026-05-17,Footwear,556.342970692617,Germany
TXN-10838,CUST-320,2026-11-07,Footwear,879.2707584115043,France
TXN-10839,CUST-297,2026-01-11,Electronics,955.751146120905,UK
TXN-10840,CUST-326,2024-02-07,Home Decor,39.37979575073378,Japan
TXN-10841,CUST-127,2026-01-12,Electronics,1002.0353105847316,USA
TXN-10842,CUST-299,2025-09-24,Home Decor,-283.49323096723214,Japan
TXN-10843,CUST-208,2025-01-04,Electronics,1442.3840698547936,Germany
TXN-10844,CUST-156,2025-03-14,Footwear,240.0208370746072,Japan
TXN-10845,CUST-145,2025-11-30,Footwear,633.6437031159951,Canada
TXN-10846,CUST-305,2026-09-22,Apparel,146.3175087563929,USA
TXN-10847,CUST-345,2025-01-28,Footwear,,Canada
TXN-10848,CUST-278,2025-04-08,Footwear,763.2486152902391,France
TXN-10849,CUST-232,2024-10-08,Footwear,901.1698256336648,France
TXN-10850,CUST-218,2024-11-13,Footwear,119.27318653487266,Australia
TXN-10851,CUST-112,2024-06-07,Apparel,1129.941496190783,Germany
TXN-10852,CUST-242,2025-08-28,Home Decor,,USA
TXN-10853,CUST-163,2024-07-26,Apparel,1349.1203483722563,Canada
TXN-10854,CUST-334,2026-11-05,Apparel,,Canada
TXN-10855,CUST-317,2026-12-14,Electronics,302.2178265822265,Canada
TXN-10856,CUST-131,2024-03-18,Home Decor,-74.09350841518042,UK
TXN-10857,CUST-216,2025-11-20,Electronics,718.6590787627989,UK
TXN-10858,CUST-134,2024-09-25,Apparel,855.9648772286723,France
TXN-10859,CUST-305,2026-02-10,Footwear,117.2487863539615,Australia
TXN-10860,CUST-218,2024-11-11,Home Decor,1167.7808727086156,Japan
TXN-10861,CUST-270,2024-11-28,Footwear,690.8674754270809,France
TXN-10862,CUST-235,2025-01-05,Apparel,,Australia
TXN-10863,CUST-243,2024-12-05,Apparel,672.3288654685776,France
TXN-10864,CUST-252,2026-06-15,Apparel,613.1293300954825,Canada
TXN-10865,CUST-181,2024-03-30,Home Decor,848.2676903361624,UK
TXN-10866,CUST-343,2026-04-21,Electronics,249.7555639774545,France
TXN-10867,CUST-293,2026-01-16,Electronics,,Germany
TXN-10868,CUST-328,2025-05-01,Footwear,1295.4427191000057,France
TXN-10869,CUST-213,2026-06-28,Home Decor,1420.2508839577765,Germany
TXN-10870,CUST-256,2025-08-06,Footwear,-572.4977880940344,Japan
TXN-10871,CUST-308,2026-07-08,Footwear,420.7021162524596,Canada
TXN-10872,CUST-284,2025-04-24,Electronics,973.1193239937434,UK
TXN-10873,CUST-328,2026-12-29,Home Decor,624.9265732251827,France
TXN-10874,CUST-229,2025-05-04,Apparel,57.571806377310395,Germany
TXN-10875,CUST-209,2025-09-25,Footwear,251.10584410196174,Japan
TXN-10876,CUST-312,2026-08-18,Apparel,1079.6388986941483,UK
TXN-10877,CUST-332,2025-02-01,Home Decor,995.207434027024,Australia
TXN-10878,CUST-240,2026-01-23,Footwear,60.10206890515556,Canada
TXN-10879,CUST-214,2026-06-21,Apparel,348.5187996607652,France
TXN-10880,CUST-329,2026-08-03,Apparel,361.9906989503457,France
TXN-10881,CUST-140,2025-07-31,Electronics,-1014.4012605261181,Canada
TXN-10882,CUST-290,2026-02-21,Home Decor,49.17159587645895,UK
TXN-10883,CUST-320,2026-10-26,Home Decor,,UK
TXN-10884,CUST-221,2026-12-16,Home Decor,1203.8758063523203,France
TXN-10885,CUST-215,2026-05-07,Footwear,284.24609984041376,USA
TXN-10886,CUST-166,2024-11-27,Electronics,986.0642396207745,France
TXN-10887,CUST-292,2025-02-12,Footwear,372.51051594915526,Germany
TXN-10888,CUST-163,2024-10-10,Home Decor,167.17326128383084,Australia
TXN-10889,CUST-315,2025-05-27,Footwear,379.89484267919204,Japan
TXN-10890,CUST-263,2024-04-16,Apparel,1088.9550591463756,Japan
TXN-10891,CUST-170,2026-09-11,Footwear,1286.430772797303,Germany
TXN-10892,CUST-296,2026-01-30,Footwear,1248.7253995591475,USA
TXN-10893,CUST-299,2024-07-29,Home Decor,607.8316238353132,UK
TXN-10894,CUST-233,2026-11-22,Apparel,,Germany
TXN-10895,CUST-224,2024-09-12,Home Decor,323.376757215415,Canada
TXN-10896,CUST-260,2025-08-06,Apparel,453.85864078629965,Japan
TXN-10897,CUST-161,2024-06-20,Apparel,1346.5770114112572,Germany
TXN-10898,CUST-170,2024-11-24,Apparel,39.242846795889335,UK
TXN-10899,CUST-212,2025-07-12,Home Decor,146.55262566461278,France
TXN-10900,CUST-119,2026-07-09,Apparel,327.67165761612046,Germany
TXN-10901,CUST-282,2026-11-17,Electronics,59.26766173325318,USA
TXN-10902,CUST-173,2024-10-28,Electronics,288.5244439329,Australia
TXN-10903,CUST-160,2026-06-14,Electronics,-882.9015102351444,UK
TXN-10904,CUST-169,2024-07-06,Electronics,643.708334876897,Canada
TXN-10905,CUST-185,2025-03-30,Home Decor,1341.1541323939227,France
TXN-10906,CUST-181,2026-07-12,Footwear,1229.8164713728925,USA
TXN-10907,CUST-328,2025-12-16,Footwear,525.8896805128564,UK
TXN-10908,CUST-238,2024-02-24,Electronics,403.9466814783129,Canada
TXN-10909,CUST-120,2026-04-29,Footwear,581.944764087555,Canada
TXN-10910,CUST-135,2024-04-19,Electronics,893.6365149219155,UK
TXN-10911,CUST-138,2026-03-22,Electronics,416.73418841785684,France
TXN-10912,CUST-159,2026-10-25,Footwear,943.7403836167183,USA
TXN-10913,CUST-198,2026-02-04,Footwear,625.9292452430358,Japan
TXN-10914,CUST-277,2025-04-27,Apparel,837.0298276609308,France
TXN-10915,CUST-139,2026-03-01,Electronics,665.4672631202687,France
TXN-10916,CUST-280,2024-06-16,Footwear,,France
TXN-10917,CUST-154,2026-02-06,Footwear,1423.7108943039918,France
TXN-10918,CUST-116,2025-04-04,Footwear,1150.136575356446,Canada
TXN-10919,CUST-206,2024-02-27,Apparel,227.36750013434977,Australia
TXN-10920,CUST-204,2025-10-14,Electronics,1305.332604328911,USA
TXN-10921,CUST-184,2024-07-21,Electronics,741.3981734092802,Canada
TXN-10922,CUST-238,2025-11-17,Home Decor,1343.9372958032552,UK
TXN-10923,CUST-219,2024-10-26,Apparel,,UK
TXN-10924,CUST-206,2024-10-08,Apparel,649.3159866144655,France
TXN-10925,CUST-115,2024-03-19,Electronics,,USA
TXN-10926,CUST-152,2025-08-10,Home Decor,417.6424918897202,Canada
TXN-10927,CUST-313,2026-08-25,Home Decor,821.618637698083,Canada
TXN-10928,CUST-207,2024-10-11,Electronics,,Japan
TXN-10929,CUST-199,2026-08-18,Footwear,401.67377444113936,USA
TXN-10930,CUST-331,2026-07-07,Apparel,226.24698962777973,France
TXN-10931,CUST-297,2024-01-11,Home Decor,1255.6967504629627,USA
TXN-10932,CUST-249,2024-06-11,Footwear,1476.9152274412572,USA
TXN-10933,CUST-342,2024-02-08,Home Decor,798.021469807975,Australia
TXN-10934,CUST-278,2025-06-08,Footwear,274.08534305548915,Australia
TXN-10935,CUST-105,2025-03-17,Footwear,423.01484324866607,France
TXN-10936,CUST-319,2024-11-02,Apparel,47.21820129025076,Australia
TXN-10937,CUST-325,2026-12-16,Home Decor,1373.1622337095384,UK
TXN-10938,CUST-295,2026-05-16,Home Decor,194.27160267740888,Australia
TXN-10939,CUST-247,2024-08-15,Footwear,873.2443837610953,Australia
TXN-10940,CUST-197,2025-08-13,Electronics,425.60172661706486,Australia
TXN-10941,CUST-222,2025-05-01,Home Decor,840.1834437233742,Canada
TXN-10942,CUST-101,2025-09-08,Apparel,984.102174760759,Germany
TXN-10943,CUST-341,2024-09-06,Electronics,1248.0178694866584,Australia
TXN-10944,CUST-190,2024-04-07,Home Decor,325.50348220569276,USA
TXN-10945,CUST-176,2025-05-03,Apparel,,Japan
TXN-10946,CUST-292,2026-05-09,Electronics,222.59073250183476,Australia
TXN-10947,CUST-199,2026-07-25,Home Decor,1352.0275899351955,Japan
TXN-10948,CUST-318,2024-05-08,Apparel,1313.3573147925226,Japan
TXN-10949,CUST-328,2024-08-15,Electronics,904.1713912120563,Germany
TXN-10950,CUST-344,2026-10-20,Home Decor,908.764953441807,France
TXN-10951,CUST-313,2024-02-03,Electronics,1004.2542783284581,Japan
TXN-10952,CUST-207,2026-11-21,Footwear,279.5494923627054,France
TXN-10953,CUST-237,2025-05-10,Footwear,1373.3296799689406,UK
TXN-10954,CUST-291,2024-10-21,Electronics,,UK
TXN-10955,CUST-288,2025-08-19,Footwear,587.0450218092562,Australia
TXN-10956,CUST-239,2026-05-29,Footwear,,USA
TXN-10957,CUST-304,2024-01-04,Electronics,-89.50963082708147,Japan
TXN-10958,CUST-254,2025-12-23,Footwear,266.0993857589975,Japan
TXN-10959,CUST-329,2025-05-07,Electronics,1112.2897523110282,USA
TXN-10960,CUST-156,2026-05-03,Electronics,142.54202852918718,Canada
TXN-10961,CUST-224,2025-01-18,Footwear,912.6651220102545,USA
TXN-10962,CUST-156,2024-06-24,Home Decor,383.116682328355,Canada
TXN-10963,CUST-169,2026-12-08,Electronics,596.1575087821253,Canada
TXN-10964,CUST-211,2026-01-08,Electronics,447.2667304206358,USA
TXN-10965,CUST-224,2024-05-18,Home Decor,546.3956203681247,USA
TXN-10966,CUST-107,2026-12-13,Footwear,1084.1879396726833,Canada
TXN-10967,CUST-199,2026-11-05,Apparel,459.740139122299,UK
TXN-10968,CUST-186,2026-11-05,Home Decor,858.2788676394078,Australia
TXN-10969,CUST-271,2024-02-11,Apparel,,UK
TXN-10970,CUST-273,2026-03-10,Footwear,1002.2333247367193,France
TXN-10971,CUST-304,2026-08-20,Electronics,1406.5080142006418,USA
TXN-10972,CUST-203,2024-03-30,Electronics,1104.2067038711705,Germany
TXN-10973,CUST-285,2026-03-03,Footwear,-338.11176031432,USA
TXN-10974,CUST-142,2026-02-03,Footwear,66.15103989070131,Canada
TXN-10975,CUST-315,2025-06-03,Footwear,408.1507855637411,Germany
TXN-10976,CUST-219,2024-02-03,Footwear,900.7153374363771,Germany
TXN-10977,CUST-335,2026-01-01,Footwear,96.11020395669051,Australia
TXN-10978,CUST-132,2024-05-18,Footwear,754.6220458578298,France
TXN-10979,CUST-259,2025-12-07,Footwear,903.327416396996,USA
TXN-10980,CUST-236,2025-05-08,Electronics,514.680958409102,Australia
TXN-10981,CUST-106,2024-07-31,Apparel,1160.9500615438164,France
TXN-10982,CUST-332,2025-11-11,Apparel,177.76541463798227,UK
TXN-10983,CUST-200,2024-09-30,Electronics,131.20391696899696,Germany
TXN-10984,CUST-251,2024-03-31,Home Decor,1097.719359181333,Australia
TXN-10985,CUST-244,2025-12-22,Apparel,753.3271479851737,UK
TXN-10986,CUST-269,2025-11-24,Home Decor,1038.8355467130493,USA
TXN-10987,CUST-106,2024-12-24,Electronics,663.5444611335445,USA
TXN-10988,CUST-121,2026-08-09,Home Decor,384.67500919387805,Canada
TXN-10989,CUST-264,2026-09-07,Electronics,1232.2714301578155,UK
TXN-10990,CUST-209,2025-01-08,Footwear,1203.1355008740893,UK
TXN-10991,CUST-134,2024-10-03,Footwear,1048.1507768645515,Australia
TXN-10992,CUST-321,2024-05-09,Apparel,422.7748031003448,France
TXN-10993,CUST-218,2026-07-26,Apparel,,Germany
TXN-10994,CUST-146,2024-03-16,Home Decor,554.2413674712396,France
TXN-10995,CUST-112,2025-08-23,Home Decor,155.54146852341853,France
TXN-10996,CUST-166,2025-02-16,Apparel,1377.6240916841193,Germany
TXN-10997,CUST-197,2024-03-30,Footwear,-222.49157376006286,Canada
TXN-10998,CUST-183,2025-02-12,Electronics,1426.3512836547875,France
TXN-10999,CUST-154,2024-03-26,Footwear,-680.0885439777745,Canada
